Customer_ID,Customer_Name,Gender,Age,City,State,Signup_Date
1001,Vikas Gupta,Male,41,Pune,Maharashtra,2024-02-29
1002,Raj Kumar,Male,29,Hyderabad,Telangana,2024-12-08
1003,Neha Das,Male,35,Jaipur,Rajasthan,2024-07-14
1004,Vikas Gupta,Male,32,Chennai,Tamil Nadu,2024-10-03
1005,Rahul Singh,Female,33,Pune,Maharashtra,2024-05-31
1006,Raj Verma,Female,44,Ahmedabad,Gujarat,2024-03-03
1007,Ananya Patel,Male,25,Bengaluru,Karnataka,2024-06-22
1008,Vikas Singh,Male,42,Pune,Maharashtra,2023-06-09
1009,Ananya Kumar,Male,34,Jaipur,Rajasthan,2023-05-29
1010,Arjun Verma,Male,46,Chennai,Tamil Nadu,2023-08-18
1011,Neha Singh,Female,25,Hyderabad,Telangana,2024-12-12
1012,Pooja Mehta,Male,32,Jaipur,Rajasthan,2024-07-15
1013,Karan Patel,Female,44,Jaipur,Rajasthan,2023-03-08
1014,Riya Verma,Female,24,Bengaluru,Karnataka,2024-01-16
1015,Vikas Verma,Male,20,Kolkata,West Bengal,2023-02-27
1016,Rahul Patel,Female,46,Chennai,Tamil Nadu,2023-09-16
1017,Neha Patel,Female,41,Mumbai,Maharashtra,2023-12-08
1018,Arjun Das,Female,20,Jaipur,Rajasthan,2023-05-10
1019,Vikas Mehta,Female,37,Kolkata,West Bengal,2024-12-27
1020,Karan Sharma,Male,32,Mumbai,Maharashtra,2023-06-21
1021,Pooja Mehta,Male,42,Chennai,Tamil Nadu,2024-09-05
1022,Pooja Patel,Female,47,Delhi,Delhi,2023-07-28
1023,Riya Mehta,Male,31,Ahmedabad,Gujarat,2023-12-20
1024,Rahul Singh,Male,24,Kolkata,West Bengal,2024-04-15
1025,Amit Mehta,Male,34,Lucknow,Uttar Pradesh,2023-04-26
1026,Ananya Kumar,Male,37,Delhi,Delhi,2023-09-21
1027,Pooja Sharma,Male,53,Ahmedabad,Gujarat,2024-10-23
1028,Ananya Kumar,Female,26,Bengaluru,Karnataka,2024-03-17
1029,Priya Mehta,Male,55,Pune,Maharashtra,2024-07-01
1030,Sneha Sharma,Male,39,Hyderabad,Telangana,2024-03-28
1031,Vikas Sharma,Male,19,Lucknow,Uttar Pradesh,2024-04-21
1032,Rahul Sharma,Male,41,Bengaluru,Karnataka,2023-10-14
1033,Amit Patel,Female,25,Chennai,Tamil Nadu,2023-10-30
1034,Karan Gupta,Female,28,Bengaluru,Karnataka,2023-11-07
1035,Riya Das,Female,30,Pune,Maharashtra,2023-07-27
1036,Raj Gupta,Female,34,Chennai,Tamil Nadu,2024-09-09
1037,Neha Kumar,Male,25,Lucknow,Uttar Pradesh,2024-03-21
1038,Arjun Kumar,Female,38,Pune,Maharashtra,2024-10-31
1039,Neha Verma,Male,35,Mumbai,Maharashtra,2024-09-24
1040,Priya Verma,Male,47,Hyderabad,Telangana,2023-02-24
1041,Riya Patel,Male,35,Lucknow,Uttar Pradesh,2023-01-12
1042,Ananya Gupta,Male,48,Mumbai,Maharashtra,2024-10-18
1043,Arjun Singh,Male,55,Ahmedabad,Gujarat,2024-02-04
1044,Pooja Sharma,Female,49,Lucknow,Uttar Pradesh,2024-10-09
1045,Riya Mehta,Female,28,Ahmedabad,Gujarat,2024-05-29
1046,Riya Patel,Female,42,Chennai,Tamil Nadu,2024-10-17
1047,Amit Verma,Female,50,Mumbai,Maharashtra,2024-06-25
1048,Pooja Verma,Male,55,Hyderabad,Telangana,2023-08-25
1049,Ananya Das,Female,58,Pune,Maharashtra,2023-10-06
1050,Vikas Mehta,Male,25,Jaipur,Rajasthan,2023-12-14
1051,Raj Singh,Female,28,Bengaluru,Karnataka,2024-09-18
1052,Ananya Gupta,Male,39,Delhi,Delhi,2023-04-14
1053,Vikas Mehta,Male,41,Hyderabad,Telangana,2024-09-21
1054,Ananya Kumar,Female,58,Mumbai,Maharashtra,2024-05-31
1055,Vikas Das,Male,34,Jaipur,Rajasthan,2023-09-05
1056,Raj Gupta,Male,29,Hyderabad,Telangana,2023-12-30
1057,Karan Gupta,Female,49,Mumbai,Maharashtra,2023-11-17
1058,Pooja Verma,Male,32,Kolkata,West Bengal,2024-09-24
1059,Karan Das,Female,33,Kolkata,West Bengal,2023-10-13
1060,Priya Patel,Female,39,Ahmedabad,Gujarat,2023-05-29
1061,Rahul Verma,Female,45,Hyderabad,Telangana,2023-03-25
1062,Karan Verma,Male,37,Kolkata,West Bengal,2024-02-10
1063,Riya Singh,Male,50,Mumbai,Maharashtra,2024-03-31
1064,Neha Kumar,Male,27,Ahmedabad,Gujarat,2023-06-10
1065,Amit Mehta,Female,57,Mumbai,Maharashtra,2024-04-04
1066,Vikas Kumar,Male,49,Ahmedabad,Gujarat,2024-07-03
1067,Raj Patel,Female,50,Hyderabad,Telangana,2024-05-14
1068,Priya Gupta,Female,19,Jaipur,Rajasthan,2024-05-23
1069,Riya Das,Male,50,Pune,Maharashtra,2024-10-15
1070,Arjun Kumar,Female,50,Lucknow,Uttar Pradesh,2024-04-25
1071,Rahul Verma,Male,58,Jaipur,Rajasthan,2024-10-24
1072,Pooja Das,Male,30,Chennai,Tamil Nadu,2023-04-24
1073,Sneha Gupta,Male,47,Mumbai,Maharashtra,2024-07-31
1074,Ananya Das,Male,50,Chennai,Tamil Nadu,2023-12-27
1075,Ananya Patel,Male,30,Jaipur,Rajasthan,2023-12-07
1076,Sneha Sharma,Female,43,Ahmedabad,Gujarat,2024-03-24
1077,Ananya Verma,Female,39,Lucknow,Uttar Pradesh,2023-06-29
1078,Pooja Das,Female,56,Lucknow,Uttar Pradesh,2024-12-02
1079,Pooja Verma,Male,19,Delhi,Delhi,2024-02-11
1080,Amit Verma,Male,55,Lucknow,Uttar Pradesh,2024-10-27
1081,Ananya Patel,Male,56,Pune,Maharashtra,2023-07-15
1082,Vikas Verma,Female,43,Lucknow,Uttar Pradesh,2024-04-10
1083,Rahul Gupta,Male,32,Jaipur,Rajasthan,2023-11-07
1084,Raj Kumar,Female,51,Delhi,Delhi,2023-09-19
1085,Raj Patel,Female,59,Jaipur,Rajasthan,2024-02-23
1086,Neha Patel,Male,57,Jaipur,Rajasthan,2024-02-10
1087,Ananya Das,Male,28,Bengaluru,Karnataka,2023-05-23
1088,Riya Patel,Female,20,Delhi,Delhi,2023-12-08
1089,Priya Sharma,Male,23,Jaipur,Rajasthan,2023-11-12
1090,Riya Das,Female,26,Bengaluru,Karnataka,2023-04-11
1091,Karan Mehta,Male,23,Bengaluru,Karnataka,2023-09-01
1092,Vikas Sharma,Male,26,Delhi,Delhi,2024-05-04
1093,Pooja Das,Female,56,Chennai,Tamil Nadu,2023-01-12
1094,Amit Singh,Male,48,Ahmedabad,Gujarat,2023-08-27
1095,Karan Mehta,Female,49,Pune,Maharashtra,2024-07-14
1096,Sneha Kumar,Male,58,Ahmedabad,Gujarat,2023-02-11
1097,Priya Kumar,Female,29,Lucknow,Uttar Pradesh,2024-11-08
1098,Amit Das,Female,25,Pune,Maharashtra,2024-08-16
1099,Raj Singh,Male,25,Lucknow,Uttar Pradesh,2024-03-04
1100,Karan Sharma,Female,45,Jaipur,Rajasthan,2023-06-07
1101,Vikas Gupta,Male,37,Mumbai,Maharashtra,2023-08-04
1102,Rahul Singh,Male,24,Delhi,Delhi,2024-10-31
1103,Raj Patel,Male,28,Pune,Maharashtra,2024-04-06
1104,Raj Sharma,Female,37,Pune,Maharashtra,2023-05-14
1105,Vikas Singh,Female,33,Jaipur,Rajasthan,2023-03-08
1106,Raj Patel,Male,21,Chennai,Tamil Nadu,2023-01-07
1107,Arjun Gupta,Male,23,Bengaluru,Karnataka,2024-06-09
1108,Ananya Kumar,Female,39,Jaipur,Rajasthan,2023-03-14
1109,Karan Mehta,Male,43,Kolkata,West Bengal,2024-02-03
1110,Karan Gupta,Male,20,Bengaluru,Karnataka,2024-02-09
1111,Riya Patel,Female,58,Delhi,Delhi,2024-11-05
1112,Arjun Patel,Male,59,Bengaluru,Karnataka,2024-07-31
1113,Karan Patel,Female,31,Chennai,Tamil Nadu,2023-05-10
1114,Pooja Sharma,Male,28,Bengaluru,Karnataka,2024-04-10
1115,Riya Kumar,Female,35,Delhi,Delhi,2023-07-25
1116,Karan Gupta,Male,29,Chennai,Tamil Nadu,2023-09-23
1117,Vikas Gupta,Male,40,Ahmedabad,Gujarat,2024-06-20
1118,Raj Singh,Female,29,Pune,Maharashtra,2023-09-10
1119,Neha Gupta,Male,30,Pune,Maharashtra,2023-10-16
1120,Raj Kumar,Female,42,Lucknow,Uttar Pradesh,2023-06-13
1121,Sneha Das,Male,36,Ahmedabad,Gujarat,2023-04-05
1122,Amit Verma,Female,53,Ahmedabad,Gujarat,2023-04-20
1123,Sneha Mehta,Female,25,Bengaluru,Karnataka,2023-12-02
1124,Pooja Sharma,Female,46,Pune,Maharashtra,2023-08-26
1125,Amit Gupta,Female,49,Delhi,Delhi,2024-01-16
1126,Priya Singh,Male,35,Hyderabad,Telangana,2024-03-11
1127,Rahul Sharma,Male,23,Hyderabad,Telangana,2024-04-27
1128,Ananya Kumar,Female,35,Chennai,Tamil Nadu,2023-01-25
1129,Priya Verma,Female,36,Pune,Maharashtra,2024-10-14
1130,Karan Gupta,Female,39,Pune,Maharashtra,2023-04-27
1131,Rahul Kumar,Male,54,Hyderabad,Telangana,2024-04-26
1132,Raj Das,Male,49,Pune,Maharashtra,2024-01-27
1133,Arjun Mehta,Male,58,Bengaluru,Karnataka,2024-06-20
1134,Karan Patel,Male,20,Kolkata,West Bengal,2023-03-20
1135,Amit Singh,Female,45,Mumbai,Maharashtra,2024-08-02
1136,Riya Mehta,Female,27,Ahmedabad,Gujarat,2023-06-22
1137,Priya Das,Female,52,Lucknow,Uttar Pradesh,2023-01-12
1138,Ananya Sharma,Male,46,Chennai,Tamil Nadu,2023-05-08
1139,Priya Sharma,Male,32,Kolkata,West Bengal,2024-08-30
1140,Amit Sharma,Male,50,Hyderabad,Telangana,2023-04-02
1141,Rahul Singh,Female,24,Ahmedabad,Gujarat,2024-10-14
1142,Amit Verma,Female,29,Pune,Maharashtra,2024-06-26
1143,Vikas Gupta,Male,47,Lucknow,Uttar Pradesh,2024-06-15
1144,Raj Das,Female,38,Pune,Maharashtra,2024-10-19
1145,Ananya Gupta,Male,48,Delhi,Delhi,2024-03-22
1146,Arjun Sharma,Male,41,Delhi,Delhi,2024-01-25
1147,Riya Kumar,Female,37,Lucknow,Uttar Pradesh,2024-11-02
1148,Karan Patel,Male,54,Lucknow,Uttar Pradesh,2023-02-12
1149,Neha Sharma,Female,21,Hyderabad,Telangana,2023-09-11
1150,Sneha Kumar,Male,45,Lucknow,Uttar Pradesh,2023-05-10
1151,Pooja Kumar,Female,37,Bengaluru,Karnataka,2023-03-01
1152,Ananya Verma,Female,41,Pune,Maharashtra,2024-10-24
1153,Sneha Patel,Female,49,Kolkata,West Bengal,2024-04-11
1154,Amit Gupta,Male,58,Jaipur,Rajasthan,2023-10-14
1155,Karan Sharma,Male,53,Lucknow,Uttar Pradesh,2024-05-31
1156,Rahul Singh,Female,51,Chennai,Tamil Nadu,2024-04-11
1157,Rahul Singh,Female,53,Delhi,Delhi,2023-12-11
1158,Vikas Mehta,Male,19,Bengaluru,Karnataka,2024-10-03
1159,Arjun Das,Male,32,Ahmedabad,Gujarat,2024-01-17
1160,Rahul Gupta,Male,51,Jaipur,Rajasthan,2024-11-20
1161,Sneha Verma,Female,53,Kolkata,West Bengal,2023-09-10
1162,Sneha Verma,Male,23,Jaipur,Rajasthan,2023-02-25
1163,Sneha Kumar,Male,56,Lucknow,Uttar Pradesh,2024-04-07
1164,Riya Das,Female,59,Hyderabad,Telangana,2024-04-01
1165,Riya Singh,Male,29,Delhi,Delhi,2023-03-24
1166,Amit Patel,Male,20,Delhi,Delhi,2023-04-09
1167,Pooja Singh,Male,35,Ahmedabad,Gujarat,2023-05-29
1168,Riya Patel,Female,57,Hyderabad,Telangana,2023-11-25
1169,Karan Sharma,Female,38,Pune,Maharashtra,2023-06-05
1170,Ananya Sharma,Female,32,Mumbai,Maharashtra,2023-07-09
1171,Priya Patel,Female,50,Bengaluru,Karnataka,2024-05-08
1172,Priya Kumar,Female,52,Delhi,Delhi,2023-09-20
1173,Karan Kumar,Female,43,Chennai,Tamil Nadu,2023-03-21
1174,Ananya Sharma,Female,25,Delhi,Delhi,2024-02-04
1175,Amit Kumar,Male,53,Jaipur,Rajasthan,2024-08-31
1176,Pooja Patel,Male,47,Delhi,Delhi,2023-09-17
1177,Rahul Kumar,Female,40,Delhi,Delhi,2024-09-06
1178,Pooja Kumar,Male,59,,Maharashtra,2024-07-05
1179,Vikas Gupta,Male,31,Mumbai,Maharashtra,2023-04-11
1180,Sneha Gupta,Female,31,Kolkata,West Bengal,2023-12-25
1181,Rahul Mehta,Male,19,Pune,Maharashtra,2024-01-15
1182,Raj Sharma,Male,54,Chennai,Tamil Nadu,2023-08-09
1183,Neha Kumar,Male,22,Delhi,Delhi,2024-02-24
1184,Sneha Kumar,Male,55,Delhi,Delhi,2023-05-04
1185,Riya Patel,Male,58,Bengaluru,Karnataka,2024-02-26
1186,Neha Mehta,Female,31,Mumbai,Maharashtra,2023-08-19
1187,Sneha Gupta,Female,56,Chennai,Tamil Nadu,2024-11-20
1188,Pooja Verma,Female,42,Ahmedabad,Gujarat,2023-03-04
1189,Arjun Gupta,Male,37,Kolkata,West Bengal,2024-04-29
1190,Sneha Sharma,Female,19,Pune,Maharashtra,2024-09-19
1191,Pooja Gupta,Male,56,Hyderabad,Telangana,2024-12-03
1192,Rahul Das,Male,23,Pune,Maharashtra,2024-07-27
1193,Riya Mehta,Male,34,Jaipur,Rajasthan,2024-04-27
1194,Riya Mehta,Male,42,Delhi,Delhi,2024-06-02
1195,Arjun Gupta,Female,45,Kolkata,West Bengal,2023-06-04
1196,Rahul Mehta,Female,19,Jaipur,Rajasthan,2023-04-02
1197,Ananya Patel,Male,52,Chennai,Tamil Nadu,2024-06-09
1198,Amit Sharma,Female,54,Hyderabad,Telangana,2024-03-30
1199,Priya Singh,Male,22,Mumbai,Maharashtra,2024-08-20
1200,Riya Mehta,Female,18,Kolkata,West Bengal,2024-10-06
1201,Vikas Mehta,Female,57,Kolkata,West Bengal,2024-05-24
1202,Karan Verma,Male,29,Delhi,Delhi,2023-07-02
1203,Pooja Mehta,Female,53,Lucknow,Uttar Pradesh,2024-01-21
1204,Vikas Kumar,Male,40,Kolkata,West Bengal,2024-07-27
1205,Arjun Gupta,Female,48,Bengaluru,Karnataka,2024-12-31
1206,Pooja Gupta,Male,28,Hyderabad,Telangana,2024-02-09
1207,Ananya Kumar,Male,27,Hyderabad,Telangana,2023-09-03
1208,Raj Patel,Female,20,Bengaluru,Karnataka,2024-08-13
1209,Neha Kumar,Female,31,Ahmedabad,Gujarat,2024-10-22
1210,Neha Sharma,Male,33,Bengaluru,Karnataka,2024-10-11
1211,Riya Kumar,Female,27,Bengaluru,Karnataka,2024-04-15
1212,Amit Mehta,Female,46,Hyderabad,Telangana,2024-02-27
1213,Neha Mehta,Male,27,Pune,Maharashtra,2023-03-06
1214,Priya Sharma,Male,29,Hyderabad,Telangana,2023-01-13
1215,Sneha Das,Female,47,Lucknow,Uttar Pradesh,2023-08-01
1216,Raj Verma,Male,58,Delhi,Delhi,2023-08-30
1217,Riya Sharma,Male,18,Jaipur,Rajasthan,2024-05-07
1218,Vikas Patel,Male,22,Pune,Maharashtra,2023-08-01
1219,Priya Verma,Female,37,Mumbai,Maharashtra,2024-11-23
1220,Pooja Das,Female,25,Jaipur,Rajasthan,2023-12-04
1221,Amit Singh,Male,60,Delhi,Delhi,2023-06-22
1222,Sneha Singh,Female,29,Lucknow,Uttar Pradesh,2024-11-02
1223,Priya Patel,Male,18,Lucknow,Uttar Pradesh,2023-06-13
1224,Vikas Kumar,Female,37,Mumbai,Maharashtra,2024-04-09
1225,Karan Gupta,Male,45,Pune,Maharashtra,2024-05-11
1226,Karan Gupta,Male,60,Ahmedabad,Gujarat,2024-11-30
1227,Priya Mehta,Female,54,Bengaluru,Karnataka,2024-01-30
1228,Neha Gupta,Male,54,Pune,Maharashtra,2024-12-03
1229,Rahul Gupta,Female,29,Ahmedabad,Gujarat,2023-11-04
1230,Sneha Mehta,Female,54,Lucknow,Uttar Pradesh,2023-07-02
1231,Vikas Mehta,Male,45,Hyderabad,Telangana,2024-09-20
1232,Riya Singh,Male,32,Delhi,Delhi,2024-05-24
1233,Sneha Patel,Female,23,Mumbai,Maharashtra,2024-12-08
1234,Neha Das,Male,37,Delhi,Delhi,2024-06-29
1235,Priya Sharma,Male,31,Chennai,Tamil Nadu,2024-07-17
1236,Neha Verma,Male,19,Chennai,Tamil Nadu,2024-09-15
1237,Rahul Verma,Male,26,Pune,Maharashtra,2024-08-16
1238,Priya Gupta,Male,54,Lucknow,Uttar Pradesh,2023-08-15
1239,Raj Gupta,Female,37,Lucknow,Uttar Pradesh,2024-03-11
1240,Sneha Gupta,Female,43,Bengaluru,Karnataka,2024-02-26
1241,Riya Gupta,Male,46,Bengaluru,Karnataka,2024-07-07
1242,Vikas Sharma,Male,18,Bengaluru,Karnataka,2023-01-21
1243,Rahul Das,Male,52,Hyderabad,Telangana,2024-07-07
1244,Pooja Singh,Female,23,Jaipur,Rajasthan,2024-02-01
1245,Ananya Patel,Male,54,Kolkata,West Bengal,2024-09-16
1246,Priya Sharma,Female,22,Jaipur,Rajasthan,2023-04-15
1247,Priya Verma,Female,50,Delhi,Delhi,2023-07-11
1248,Riya Verma,Female,31,Jaipur,Rajasthan,2023-01-17
1249,Raj Verma,Male,29,Hyderabad,Telangana,2023-04-30
1250,Raj Verma,Female,59,Delhi,Delhi,2024-01-28
1251,Raj Sharma,Male,37,Jaipur,Rajasthan,2024-02-29
1252,Priya Patel,Female,41,Hyderabad,Telangana,2023-05-09
1253,Rahul Mehta,Male,60,Kolkata,West Bengal,2023-05-10
1254,Neha Patel,Female,51,Jaipur,Rajasthan,2024-07-25
1255,Rahul Singh,Male,42,Hyderabad,Telangana,2024-07-13
1256,Raj Gupta,Female,46,Bengaluru,Karnataka,2023-01-29
1257,Amit Das,Male,56,Lucknow,Uttar Pradesh,2023-04-07
1258,Pooja Patel,Male,48,Bengaluru,Karnataka,2023-01-10
1259,Arjun Sharma,Male,60,Lucknow,Uttar Pradesh,2023-08-30
1260,Ananya Sharma,Male,40,Mumbai,Maharashtra,2023-08-20
1261,Sneha Sharma,Female,55,Mumbai,Maharashtra,2023-10-11
1262,Neha Kumar,Female,37,Mumbai,Maharashtra,2024-12-15
1263,Karan Kumar,Male,40,Kolkata,West Bengal,2024-12-26
1264,Raj Kumar,Female,33,Bengaluru,Karnataka,2023-07-19
1265,Rahul Mehta,Male,59,Lucknow,Uttar Pradesh,2023-03-20
1266,Sneha Gupta,Male,25,Hyderabad,Telangana,2023-06-22
1267,Arjun Singh,Female,38,Delhi,Delhi,2024-04-11
1268,Raj Patel,Male,18,Hyderabad,Telangana,2024-08-03
1269,Ananya Verma,Male,25,Delhi,Delhi,2024-02-20
1270,Amit Gupta,Female,46,Chennai,Tamil Nadu,2024-03-24
1271,Karan Das,Male,49,Hyderabad,Telangana,2023-03-28
1272,Rahul Kumar,Male,55,Jaipur,Rajasthan,2023-04-11
1273,Amit Verma,Male,22,Jaipur,Rajasthan,2023-01-08
1274,Riya Singh,Male,39,Pune,Maharashtra,2023-07-19
1275,Raj Das,Female,51,Bengaluru,Karnataka,2024-05-19
1276,Priya Verma,Female,18,Delhi,Delhi,2023-03-28
1277,Sneha Singh,Female,43,Delhi,Delhi,2023-02-12
1278,Vikas Patel,Male,60,Bengaluru,Karnataka,2024-01-20
1279,Ananya Gupta,Male,27,Kolkata,West Bengal,2024-09-12
1280,Riya Patel,Female,47,Pune,Maharashtra,2024-03-10
1281,Karan Patel,Male,35,Kolkata,West Bengal,2024-02-12
1282,Riya Singh,Male,34,Kolkata,West Bengal,2024-04-27
1283,Pooja Gupta,Male,43,Kolkata,West Bengal,2024-10-25
1284,Neha Kumar,Male,25,Bengaluru,Karnataka,2023-01-17
1285,Pooja Kumar,Female,57,Kolkata,West Bengal,2024-10-06
1286,Amit Das,Female,29,Jaipur,Rajasthan,2023-05-28
1287,Sneha Mehta,Female,44,Mumbai,Maharashtra,2023-10-04
1288,Sneha Gupta,Male,25,Chennai,Tamil Nadu,2023-08-20
1289,Riya Patel,Female,42,Delhi,Delhi,2024-01-01
1290,Priya Kumar,Female,21,Delhi,Delhi,2023-08-16
1291,Arjun Mehta,Male,50,Chennai,Tamil Nadu,2024-10-12
1292,Raj Kumar,Male,18,Bengaluru,Karnataka,2024-03-11
1293,Raj Kumar,Female,36,Hyderabad,Telangana,2024-02-03
1294,Arjun Sharma,Female,48,Bengaluru,Karnataka,2023-07-30
1295,Karan Das,Female,33,Delhi,Delhi,2024-01-26
1296,Sneha Singh,Female,31,Delhi,Delhi,2024-05-13
1297,Arjun Singh,Male,22,Chennai,Tamil Nadu,2024-06-23
1298,Priya Gupta,Female,58,Kolkata,West Bengal,2024-07-16
1299,Riya Mehta,Female,43,Bengaluru,Karnataka,2024-05-05
1300,Riya Das,Male,45,,Uttar Pradesh,2024-03-17
1301,Pooja Das,Female,19,Chennai,Tamil Nadu,2023-09-18
1302,Neha Mehta,Male,23,Jaipur,Rajasthan,2023-12-16
1303,Raj Verma,Male,26,Delhi,Delhi,2023-12-18
1304,Arjun Singh,Male,50,Chennai,Tamil Nadu,2024-06-03
1305,Neha Patel,Female,58,Bengaluru,Karnataka,2023-11-16
1306,Priya Kumar,Female,42,Delhi,Delhi,2023-05-18
1307,Raj Patel,Male,30,Hyderabad,Telangana,2024-07-03
1308,Karan Singh,Female,26,Chennai,Tamil Nadu,2024-09-14
1309,Arjun Kumar,Female,30,Pune,Maharashtra,2024-01-03
1310,Neha Gupta,Male,48,Delhi,Delhi,2023-08-08
1311,Amit Sharma,Male,58,Bengaluru,Karnataka,2023-12-03
1312,Karan Singh,Female,28,Mumbai,Maharashtra,2023-08-11
1313,Pooja Kumar,Male,21,Lucknow,Uttar Pradesh,2024-10-09
1314,Priya Gupta,Female,51,Ahmedabad,Gujarat,2023-12-26
1315,Neha Patel,Female,55,Kolkata,West Bengal,2023-11-25
1316,Sneha Verma,Female,21,Ahmedabad,Gujarat,2024-04-07
1317,Sneha Mehta,Female,55,Bengaluru,Karnataka,2024-07-14
1318,Sneha Patel,Male,36,Jaipur,Rajasthan,2024-01-17
1319,Neha Verma,Male,23,Jaipur,Rajasthan,2024-08-12
1320,Amit Singh,Male,51,Mumbai,Maharashtra,2024-09-08
1321,Riya Singh,Male,35,Kolkata,West Bengal,2023-06-18
1322,Neha Verma,Female,30,Pune,Maharashtra,2023-08-05
1323,Pooja Singh,Female,58,Mumbai,Maharashtra,2024-01-13
1324,Rahul Patel,Male,40,Ahmedabad,Gujarat,2023-04-29
1325,Neha Singh,Female,36,Mumbai,Maharashtra,2023-07-09
1326,Pooja Das,Female,28,Ahmedabad,Gujarat,2024-01-05
1327,Priya Gupta,Female,18,Delhi,Delhi,2023-05-29
1328,Sneha Mehta,Male,41,Jaipur,Rajasthan,2024-11-06
1329,Pooja Gupta,Male,24,Delhi,Delhi,2024-10-13
1330,Rahul Verma,Male,42,Lucknow,Uttar Pradesh,2024-05-02
1331,Pooja Patel,Female,38,Kolkata,West Bengal,2024-01-09
1332,Sneha Gupta,Male,32,Pune,Maharashtra,2024-11-23
1333,Amit Kumar,Male,18,Ahmedabad,Gujarat,2023-06-09
1334,Raj Mehta,Male,29,Pune,Maharashtra,2023-12-17
1335,Sneha Verma,Male,24,Ahmedabad,Gujarat,2023-10-15
1336,Rahul Verma,Male,32,Bengaluru,Karnataka,2023-10-15
1337,Ananya Verma,Male,38,Mumbai,Maharashtra,2023-08-14
1338,Neha Patel,Female,36,Lucknow,Uttar Pradesh,2024-06-06
1339,Sneha Patel,Female,46,Jaipur,Rajasthan,2024-06-05
1340,Sneha Mehta,Male,42,Ahmedabad,Gujarat,2023-09-30
1341,Pooja Kumar,Male,50,Pune,Maharashtra,2024-02-06
1342,Ananya Mehta,Female,49,Lucknow,Uttar Pradesh,2023-07-02
1343,Pooja Kumar,Female,52,Hyderabad,Telangana,2024-10-26
1344,Priya Singh,Male,55,Hyderabad,Telangana,2024-05-02
1345,Sneha Kumar,Male,43,Delhi,Delhi,2023-05-04
1346,Priya Singh,Male,28,,Rajasthan,2024-09-17
1347,Arjun Kumar,Male,52,Bengaluru,Karnataka,2024-02-18
1348,Karan Patel,Female,25,Pune,Maharashtra,2024-12-25
1349,Pooja Gupta,Male,31,Mumbai,Maharashtra,2023-06-21
1350,Neha Gupta,Male,27,Mumbai,Maharashtra,2023-10-15
1351,Arjun Kumar,Male,19,Pune,Maharashtra,2024-03-10
1352,Raj Mehta,Male,26,Kolkata,West Bengal,2024-11-16
1353,Priya Mehta,Female,20,Bengaluru,Karnataka,2023-04-23
1354,Riya Das,Female,38,Lucknow,Uttar Pradesh,2023-05-02
1355,Karan Mehta,Female,43,Ahmedabad,Gujarat,2024-06-27
1356,Vikas Patel,Male,25,Kolkata,West Bengal,2023-08-10
1357,Vikas Sharma,Male,19,Ahmedabad,Gujarat,2024-09-22
1358,Neha Kumar,Female,23,Ahmedabad,Gujarat,2023-02-08
1359,Karan Sharma,Male,45,Kolkata,West Bengal,2024-05-11
1360,Vikas Singh,Male,46,Delhi,Delhi,2023-08-21
1361,Neha Kumar,Female,43,Hyderabad,Telangana,2024-06-13
1362,Pooja Singh,Female,42,Ahmedabad,Gujarat,2023-05-29
1363,Priya Sharma,Female,29,Kolkata,West Bengal,2024-02-01
1364,Arjun Sharma,Female,22,Kolkata,West Bengal,2024-10-22
1365,Rahul Sharma,Male,51,Chennai,Tamil Nadu,2024-09-29
1366,Rahul Kumar,Male,54,Delhi,Delhi,2023-10-29
1367,Rahul Singh,Female,32,Jaipur,Rajasthan,2023-12-26
1368,Ananya Singh,Male,53,Chennai,Tamil Nadu,2023-08-26
1369,Riya Gupta,Female,32,Chennai,Tamil Nadu,2024-10-08
1370,Sneha Kumar,Female,60,Pune,Maharashtra,2024-10-24
1371,Arjun Verma,Male,40,Hyderabad,Telangana,2023-08-24
1372,Priya Patel,Female,23,Kolkata,West Bengal,2023-07-22
1373,Sneha Kumar,Male,60,Hyderabad,Telangana,2023-09-13
1374,Raj Patel,Male,38,Bengaluru,Karnataka,2024-08-20
1375,Rahul Gupta,Male,40,Pune,Maharashtra,2024-10-23
1376,Pooja Verma,Male,60,Jaipur,Rajasthan,2023-08-23
1377,Amit Patel,Female,33,Hyderabad,Telangana,2023-12-11
1378,Raj Mehta,Male,32,Mumbai,Maharashtra,2024-06-17
1379,Raj Verma,Female,42,Ahmedabad,Gujarat,2024-04-10
1380,Vikas Kumar,Female,53,Bengaluru,Karnataka,2024-06-24
1381,Neha Gupta,Female,28,Delhi,Delhi,2023-08-01
1382,Priya Verma,Female,32,Jaipur,Rajasthan,2024-04-07
1383,Sneha Kumar,Male,21,Bengaluru,Karnataka,2024-03-11
1384,Arjun Kumar,Male,38,Ahmedabad,Gujarat,2023-10-10
1385,Arjun Singh,Female,30,Pune,Maharashtra,2024-07-15
1386,Rahul Das,Female,39,Ahmedabad,Gujarat,2024-08-29
1387,Riya Gupta,Male,36,Chennai,Tamil Nadu,2024-04-07
1388,Raj Patel,Female,51,Ahmedabad,Gujarat,2024-02-11
1389,Sneha Singh,Male,31,Chennai,Tamil Nadu,2023-03-29
1390,Amit Kumar,Female,21,Pune,Maharashtra,2023-02-13
1391,Riya Mehta,Male,44,Lucknow,Uttar Pradesh,2024-04-05
1392,Amit Sharma,Female,46,Chennai,Tamil Nadu,2023-10-05
1393,Priya Verma,Female,45,Delhi,Delhi,2024-11-13
1394,Raj Sharma,Male,52,Ahmedabad,Gujarat,2024-02-25
1395,Priya Singh,Female,25,Ahmedabad,Gujarat,2024-12-01
1396,Neha Kumar,Female,33,Delhi,Delhi,2023-12-19
1397,Sneha Patel,Male,59,Mumbai,Maharashtra,2024-11-26
1398,Arjun Mehta,Female,53,Kolkata,West Bengal,2024-05-29
1399,Riya Das,Male,47,Lucknow,Uttar Pradesh,2024-12-03
1400,Pooja Sharma,Male,35,Jaipur,Rajasthan,2024-09-21
1401,Riya Gupta,Female,19,Chennai,Tamil Nadu,2023-01-19
1402,Amit Verma,Female,30,Delhi,Delhi,2023-01-23
1403,Raj Mehta,Female,21,Pune,Maharashtra,2024-02-17
1404,Arjun Verma,Female,43,Chennai,Tamil Nadu,2023-01-30
1405,Amit Mehta,Female,42,Kolkata,West Bengal,2023-04-18
1406,Sneha Kumar,Female,47,Pune,Maharashtra,2024-01-02
1407,Vikas Mehta,Female,28,Bengaluru,Karnataka,2023-10-08
1408,Riya Das,Male,24,Ahmedabad,Gujarat,2023-05-08
1409,Arjun Singh,Female,48,Bengaluru,Karnataka,2023-08-17
1410,Sneha Gupta,Male,27,Chennai,Tamil Nadu,2023-04-21
1411,Vikas Mehta,Female,56,Kolkata,West Bengal,2023-05-16
1412,Karan Singh,Female,30,,Uttar Pradesh,2023-12-28
1413,Riya Kumar,Male,48,Chennai,Tamil Nadu,2023-07-05
1414,Ananya Mehta,Female,24,Delhi,Delhi,2024-10-17
1415,Sneha Sharma,Female,59,Hyderabad,Telangana,2024-08-06
1416,Riya Das,Male,59,Chennai,Tamil Nadu,2023-05-09
1417,Sneha Gupta,Female,53,Ahmedabad,Gujarat,2023-09-18
1418,Sneha Gupta,Female,37,Ahmedabad,Gujarat,2024-05-29
1419,Rahul Das,Female,21,Chennai,Tamil Nadu,2024-03-24
1420,Neha Verma,Male,24,Pune,Maharashtra,2023-04-14
1421,Karan Gupta,Female,18,Hyderabad,Telangana,2024-04-27
1422,Karan Gupta,Female,59,Delhi,Delhi,2023-08-12
1423,Arjun Das,Female,30,Chennai,Tamil Nadu,2024-05-05
1424,Amit Mehta,Female,39,Pune,Maharashtra,2024-04-17
1425,Pooja Mehta,Male,38,Ahmedabad,Gujarat,2023-01-10
1426,Raj Mehta,Male,39,Ahmedabad,Gujarat,2024-02-09
1427,Karan Singh,Female,45,Kolkata,West Bengal,2023-10-29
1428,Riya Verma,Female,26,Chennai,Tamil Nadu,2023-08-19
1429,Ananya Sharma,Male,43,Hyderabad,Telangana,2024-12-31
1430,Amit Kumar,Male,26,Mumbai,Maharashtra,2023-03-07
1431,Karan Verma,Female,32,Hyderabad,Telangana,2023-04-22
1432,Rahul Sharma,Male,27,Ahmedabad,Gujarat,2023-01-13
1433,Amit Singh,Female,41,Ahmedabad,Gujarat,2024-01-28
1434,Arjun Mehta,Male,59,Bengaluru,Karnataka,2024-05-14
1435,Ananya Verma,Male,25,Ahmedabad,Gujarat,2024-08-20
1436,Karan Patel,Male,41,Delhi,Delhi,2023-08-22
1437,Priya Das,Male,33,Jaipur,Rajasthan,2024-08-24
1438,Vikas Sharma,Female,43,Chennai,Tamil Nadu,2023-11-10
1439,Karan Verma,Male,44,Hyderabad,Telangana,2024-07-19
1440,Riya Verma,Male,54,Jaipur,Rajasthan,2023-01-12
1441,Pooja Gupta,Female,21,Pune,Maharashtra,2023-07-28
1442,Ananya Das,Male,41,Mumbai,Maharashtra,2023-01-14
1443,Raj Sharma,Male,36,Delhi,Delhi,2024-09-24
1444,Sneha Singh,Female,53,Hyderabad,Telangana,2024-02-22
1445,Arjun Das,Male,56,Jaipur,Rajasthan,2024-03-12
1446,Raj Sharma,Female,27,Mumbai,Maharashtra,2024-01-12
1447,Riya Kumar,Female,42,Bengaluru,Karnataka,2023-01-20
1448,Vikas Das,Female,35,Delhi,Delhi,2024-08-09
1449,Amit Patel,Female,36,Delhi,Delhi,2023-03-11
1450,Vikas Mehta,Male,53,Bengaluru,Karnataka,2023-07-30
1451,Vikas Gupta,Female,27,Chennai,Tamil Nadu,2023-04-11
1452,Priya Singh,Male,50,Bengaluru,Karnataka,2024-11-28
1453,Neha Sharma,Male,22,Delhi,Delhi,2023-05-12
1454,Pooja Patel,Male,52,Delhi,Delhi,2024-09-14
1455,Amit Mehta,Male,51,Jaipur,Rajasthan,2024-01-16
1456,Karan Singh,Male,50,Ahmedabad,Gujarat,2023-05-12
1457,Priya Sharma,Male,38,Mumbai,Maharashtra,2023-01-20
1458,Karan Sharma,Male,34,Bengaluru,Karnataka,2024-06-19
1459,Neha Kumar,Male,39,Mumbai,Maharashtra,2023-08-15
1460,Priya Sharma,Male,54,Bengaluru,Karnataka,2023-06-03
1461,Raj Patel,Male,32,Pune,Maharashtra,2024-04-13
1462,Vikas Gupta,Female,52,Delhi,Delhi,2024-02-09
1463,Pooja Verma,Female,45,Ahmedabad,Gujarat,2023-07-21
1464,Arjun Patel,Female,24,Jaipur,Rajasthan,2023-02-07
1465,Pooja Gupta,Male,49,Ahmedabad,Gujarat,2023-07-07
1466,Karan Singh,Female,28,Ahmedabad,Gujarat,2023-02-26
1467,Vikas Mehta,Female,27,Ahmedabad,Gujarat,2023-01-20
1468,Priya Singh,Female,26,Mumbai,Maharashtra,2023-09-30
1469,Sneha Sharma,Male,31,Bengaluru,Karnataka,2023-04-29
1470,Ananya Patel,Male,30,Lucknow,Uttar Pradesh,2024-08-05
1471,Vikas Patel,Male,42,Pune,Maharashtra,2024-05-30
1472,Arjun Sharma,Male,19,Hyderabad,Telangana,2023-08-09
1473,Raj Sharma,Female,52,Ahmedabad,Gujarat,2024-06-09
1474,Karan Verma,Female,24,Chennai,Tamil Nadu,2024-05-29
1475,Pooja Gupta,Female,38,Mumbai,Maharashtra,2024-12-28
1476,Amit Verma,Female,35,Jaipur,Rajasthan,2023-12-02
1477,Priya Singh,Male,20,Hyderabad,Telangana,2024-11-28
1478,Raj Singh,Male,59,Lucknow,Uttar Pradesh,2023-02-24
1479,Karan Verma,Male,56,Chennai,Tamil Nadu,2024-05-14
1480,Riya Sharma,Female,58,Lucknow,Uttar Pradesh,2024-06-19
1481,Karan Singh,Male,28,Hyderabad,Telangana,2023-06-11
1482,Sneha Singh,Male,56,Ahmedabad,Gujarat,2024-10-31
1483,Neha Kumar,Female,41,Chennai,Tamil Nadu,2024-08-16
1484,Rahul Mehta,Female,36,Lucknow,Uttar Pradesh,2023-06-08
1485,Sneha Singh,Male,21,Jaipur,Rajasthan,2023-07-07
1486,Priya Sharma,Male,43,Bengaluru,Karnataka,2023-03-01
1487,Arjun Mehta,Male,55,Delhi,Delhi,2023-11-15
1488,Sneha Gupta,Male,59,Bengaluru,Karnataka,2023-07-30
1489,Priya Patel,Male,49,Hyderabad,Telangana,2024-02-10
1490,Sneha Kumar,Male,56,Mumbai,Maharashtra,2024-10-25
1491,Pooja Verma,Female,53,Delhi,Delhi,2023-04-19
1492,Neha Singh,Female,57,Pune,Maharashtra,2023-03-17
1493,Riya Verma,Female,54,Jaipur,Rajasthan,2024-06-25
1494,Rahul Kumar,Male,50,Pune,Maharashtra,2023-11-10
1495,Rahul Patel,Female,53,Chennai,Tamil Nadu,2023-04-27
1496,Rahul Sharma,Male,20,Delhi,Delhi,2024-12-04
1497,Vikas Sharma,Male,26,,Maharashtra,2023-01-19
1498,Amit Patel,Female,25,Pune,Maharashtra,2024-03-07
1499,Vikas Kumar,Male,50,Lucknow,Uttar Pradesh,2024-11-15
1500,Sneha Kumar,Male,23,Bengaluru,Karnataka,2023-12-16
